Sheads,Thunderbolt,Altive_Headers,Heat_Sensers,MBID
,,,,1
,,,,2
,,,,3
,,,,4
1,,,1,5
,,,,6
2,1,,1,7
,,,,8
6,,4,2,9
5,,4,1,10
6,,5,1,11
1,,,1,12
,,,,13
1,,,1,14
,,,,15
1,,,1,16
1,,,1,17
1,,,1,18
1,,,1,19
1,,,1,20
,,,,21
1,,,1,22
,,,,23
,,,,24
,,,,25
,,,,26
,,,,27
,,,,28
,,,,29
,,,,30
,,,,31
,,,,32
,,,,33
,,,,34
,,,,35
,,,,36
,,,,37
1,1,,,38
1,1,,,39
,,,,40
,,,,41
1,1,,,42
,,,,43
,,,,44
,,,,45
,,,,46
,,,,47
1,1,,,48
,,,,49
,,,,50
1,1,,,51
3,1,,2,52
3,1,,2,53
3,1,,2,54
1,1,,,55
1,1,,,56
1,1,,,57
,,,,58
,,,,59
,,,,60
,,,,61
,,,,62
,,,,63
3,,,3,64
,,,,65
,,,,66
,,,,67
,,,,68
,,,,69
,,,,70
,,,,71
1,1,,,72
,,,,73
1,1,,,74
1,1,,,75
,,,,76
,,,,77
,,,,78
,,,,79
,,,,80
,,,,81
1,1,,,82
1,1,,,83
1,1,,,84
,,,,85
,,,,86
,1,,,87
,1,,,88
,1,,,89
,,,,90
,1,,,91
,,,,92
,,,,93
,,,,94
,,,,95
,,,,96
,,,,97
,,,,98
,,,,99
,,,,100
,,,,101
,,,,102
,,,,103
