Raid,M2_Raid,IRST,ISRT,Optane,MBID
,,,,,1
,,,,,2
,,,,,3
,,,,,4
,,,,,5
,,,,,6
1,,,,1,7
1,,1,,1,8
1,,,1,1,9
1,,1,1,1,10
1,,,1,1,11
1,,1,,1,12
1,,1,,1,13
,,1,,1,14
,,,,1,15
,,,,1,16
,,,,1,17
1,,,,1,18
1,,,,1,19
1,,,,1,20
1,,,,1,21
1,,1,1,1,22
1,,1,,1,23
,,,,,24
,,,,,25
1,,1,,1,26
,,,,1,27
,,,,,28
,,,,1,29
1,,,,1,30
1,,,,1,31
,,,,,32
,,,,,33
,,,,,34
,,,,,35
,,,,,36
,,,,,37
,,,,1,38
,,,,1,39
,,,,1,40
,,,,1,41
,,,,1,42
,,,,1,43
,,,,1,44
,,,,1,45
,,,,1,46
,,,,1,47
1,,,,1,48
1,,,,1,49
1,,,,1,50
1,,,,1,51
1,,,,1,52
1,,,,1,53
1,,,,1,54
1,,,,1,55
1,,,,1,56
1,,,,1,57
1,,,,1,58
1,,,,1,59
1,,,,1,60
1,,,,1,61
1,,,,1,62
1,,,,1,63
1,1,,,1,64
1,1,,,1,65
1,1,,,1,66
1,1,,,1,67
1,,,,1,68
1,1,,,1,69
1,,,,1,70
1,1,,,1,71
1,,,,1,72
,,,,1,73
,,,,1,74
,,,,,75
,,,,,76
,,,,1,77
,,,,,78
,,,,,79
1,1,,,1,80
1,,,,1,81
1,,,,1,82
,,,,1,83
,,,,1,84
,,,,1,85
1,1,,,1,86
1,1,,,1,87
1,,,,1,88
,,,,1,89
,,,,,90
,,,,1,91
,,,,1,92
,,,,1,93
,,,,,94
,,,,,95
,,,,,96
,,1,,,97
,,,,,98
,,,,,99
,,,,,100
,,,,,101
,,,,,102
,,,,,103
